<?xml version="1.0" encoding="UTF-8"?><MD_Metadata xmlns:gts="http://www.isotc211.org/2005/gts" xmlns:gco="http://www.isotc211.org/2005/gco" xmlns:xalan="http://xml.apache.org/xalan" xmlns:srv="http://www.isotc211.org/2005/srv" xmlns:gmx="http://www.isotc211.org/2005/gmx" xmlns:xlink="http://www.w3.org/1999/xlink" xmlns:xsi="http://www.w3.org/2001/XMLSchema-instance" xmlns:gml="http://www.opengis.net/gml" xmlns="http://www.isotc211.org/2005/gmd">
    <fileIdentifier>
        <gco:CharacterString>2a5324f732bb44d9a1ca29f1c17370ee</gco:CharacterString>
    </fileIdentifier>
    <characterSet>
        <MD_CharacterSetCode codeList="http://www.isotc211.org/2005/resources/Codelist/gmxCodelists.xml#MD_CharacterSetCode" codeListValue="utf8" codeSpace="ISOTC211/19115">utf8</MD_CharacterSetCode>
    </characterSet>
    <hierarchyLevel>
        <MD_ScopeCode codeList="http://www.isotc211.org/2005/resources/Codelist/gmxCodelists.xml#MD_ScopeCode" codeListValue="dataset" codeSpace="ISOTC211/19115">dataset</MD_ScopeCode>
    </hierarchyLevel>
    <hierarchyLevelName>
        <gco:CharacterString>Dataset</gco:CharacterString>
    </hierarchyLevelName>
    <contact>
        <CI_ResponsibleParty>
            <individualName>
                <gco:CharacterString>Ginny Baker</gco:CharacterString>
            </individualName>
            <organisationName>
                <gco:CharacterString>NCDEQ - Division of Water Resources - Planning Section</gco:CharacterString>
            </organisationName>
            <contactInfo>
                <CI_Contact>
                    <address>
                        <CI_Address>
                            <electronicMailAddress>
                                <gco:CharacterString>virginia.baker@ncdenr.gov</gco:CharacterString>
                            </electronicMailAddress>
                        </CI_Address>
                    </address>
                </CI_Contact>
            </contactInfo>
            <role>
                <CI_RoleCode codeList="http://www.isotc211.org/2005/resources/Codelist/gmxCodelists.xml#CI_RoleCode" codeListValue="pointOfContact" codeSpace="ISOTC211/19115">pointOfContact</CI_RoleCode>
            </role>
        </CI_ResponsibleParty>
    </contact>
    <dateStamp>
        <gco:Date>2017-11-06</gco:Date>
    </dateStamp>
    <metadataStandardName>
        <gco:CharacterString>ISO 19139 Geographic Information - Metadata - Implementation Specification</gco:CharacterString>
    </metadataStandardName>
    <metadataStandardVersion>
        <gco:CharacterString>2007</gco:CharacterString>
    </metadataStandardVersion>
    <referenceSystemInfo>
        <MD_ReferenceSystem>
            <referenceSystemIdentifier>
                <RS_Identifier>
                    <code>
                        <gco:CharacterString>ESRI: 102719</gco:CharacterString>
                    </code>
                </RS_Identifier>
            </referenceSystemIdentifier>
        </MD_ReferenceSystem>
    </referenceSystemInfo>
    <identificationInfo>
        <MD_DataIdentification>
            <citation>
                <CI_Citation>
                    <title>
                        <gco:CharacterString>MajorHydro</gco:CharacterString>
                    </title>
                    <date>
                        <CI_Date>
                            <date>
                                <gco:Date>2016-07-07</gco:Date>
                            </date>
                            <dateType>
                                <CI_DateTypeCode codeList="http://www.isotc211.org/2005/resources/Codelist/gmxCodelists.xml#CI_DateTypeCode" codeListValue="publication" codeSpace="ISOTC211/19115">publication</CI_DateTypeCode>
                            </dateType>
                        </CI_Date>
                    </date>
                </CI_Citation>
            </citation>
            <abstract>
                <gco:CharacterString>This Feature Service layer shows all major river systems in North Carolina. Each major river, stream, impounded waterbody segment is named according to the River Basin it is located in.Contact -Melanie Williams - melanie.williams@ncdenr.gov</gco:CharacterString>
            </abstract>
            <credit>
                <gco:CharacterString>NCDEQ - Division of Water Resources</gco:CharacterString>
            </credit>
            <pointOfContact>
                <CI_ResponsibleParty>
                    <individualName>
                        <gco:CharacterString>Melanie Williams</gco:CharacterString>
                    </individualName>
                    <organisationName>
                        <gco:CharacterString>NCDEQ - Division of Water Resources</gco:CharacterString>
                    </organisationName>
                    <contactInfo>
                        <CI_Contact>
                            <address>
                                <CI_Address>
                                    <electronicMailAddress>
                                        <gco:CharacterString>melanie.williams@ncdenr.gov</gco:CharacterString>
                                    </electronicMailAddress>
                                </CI_Address>
                            </address>
                        </CI_Contact>
                    </contactInfo>
                    <role>
                        <CI_RoleCode codeList="http://www.isotc211.org/2005/resources/Codelist/gmxCodelists.xml#CI_RoleCode" codeListValue="pointOfContact" codeSpace="ISOTC211/19115">pointOfContact</CI_RoleCode>
                    </role>
                </CI_ResponsibleParty>
            </pointOfContact>
            <descriptiveKeywords>
                <MD_Keywords>
                    <keyword>
                        <gco:CharacterString>Hydro</gco:CharacterString>
                    </keyword>
                    <keyword>
                        <gco:CharacterString>NC</gco:CharacterString>
                    </keyword>
                    <keyword>
                        <gco:CharacterString>NC DEQ</gco:CharacterString>
                    </keyword>
                    <keyword>
                        <gco:CharacterString>North Carolina</gco:CharacterString>
                    </keyword>
                    <keyword>
                        <gco:CharacterString>Major</gco:CharacterString>
                    </keyword>
                    <keyword>
                        <gco:CharacterString>Final</gco:CharacterString>
                    </keyword>
                    <keyword>
                        <gco:CharacterString>Feature Service</gco:CharacterString>
                    </keyword>
                    <keyword>
                        <gco:CharacterString>DWR</gco:CharacterString>
                    </keyword>
                    <keyword>
                        <gco:CharacterString>Water</gco:CharacterString>
                    </keyword>
                    <type>
                        <MD_KeywordTypeCode codeList="http://www.isotc211.org/2005/resources/Codelist/gmxCodelists.xml#MD_KeywordTypeCode" codeListValue="theme" codeSpace="ISOTC211/19115">theme</MD_KeywordTypeCode>
                    </type>
                </MD_Keywords>
            </descriptiveKeywords>
            <descriptiveKeywords>
                <MD_Keywords>
                    <keyword>
                        <gco:CharacterString>Hydro</gco:CharacterString>
                    </keyword>
                    <keyword>
                        <gco:CharacterString>NC</gco:CharacterString>
                    </keyword>
                    <keyword>
                        <gco:CharacterString>NC DEQ</gco:CharacterString>
                    </keyword>
                    <keyword>
                        <gco:CharacterString>North Carolina</gco:CharacterString>
                    </keyword>
                    <keyword>
                        <gco:CharacterString>Major</gco:CharacterString>
                    </keyword>
                    <keyword>
                        <gco:CharacterString>Final</gco:CharacterString>
                    </keyword>
                    <keyword>
                        <gco:CharacterString>Feature Service</gco:CharacterString>
                    </keyword>
                    <keyword>
                        <gco:CharacterString>DWR</gco:CharacterString>
                    </keyword>
                    <keyword>
                        <gco:CharacterString>Water</gco:CharacterString>
                    </keyword>
                    <type>
                        <MD_KeywordTypeCode codeList="http://www.isotc211.org/2005/resources/Codelist/gmxCodelists.xml#MD_KeywordTypeCode" codeListValue="theme" codeSpace="ISOTC211/19115">theme</MD_KeywordTypeCode>
                    </type>
                </MD_Keywords>
            </descriptiveKeywords>
            <descriptiveKeywords>
                <MD_Keywords>
                    <keyword>
                        <gco:CharacterString>Hydro</gco:CharacterString>
                    </keyword>
                    <keyword>
                        <gco:CharacterString>NC</gco:CharacterString>
                    </keyword>
                    <keyword>
                        <gco:CharacterString>NC DEQ</gco:CharacterString>
                    </keyword>
                    <keyword>
                        <gco:CharacterString>North Carolina</gco:CharacterString>
                    </keyword>
                    <keyword>
                        <gco:CharacterString>Major</gco:CharacterString>
                    </keyword>
                    <keyword>
                        <gco:CharacterString>Final</gco:CharacterString>
                    </keyword>
                    <keyword>
                        <gco:CharacterString>Feature Service</gco:CharacterString>
                    </keyword>
                    <keyword>
                        <gco:CharacterString>DWR</gco:CharacterString>
                    </keyword>
                    <keyword>
                        <gco:CharacterString>Water</gco:CharacterString>
                    </keyword>
                    <type>
                        <MD_KeywordTypeCode codeList="http://www.isotc211.org/2005/resources/Codelist/gmxCodelists.xml#MD_KeywordTypeCode" codeListValue="theme" codeSpace="ISOTC211/19115">theme</MD_KeywordTypeCode>
                    </type>
                </MD_Keywords>
            </descriptiveKeywords>
            <descriptiveKeywords>
                <MD_Keywords>
                    <keyword>
                        <gco:CharacterString>Hydro</gco:CharacterString>
                    </keyword>
                    <keyword>
                        <gco:CharacterString>NC</gco:CharacterString>
                    </keyword>
                    <keyword>
                        <gco:CharacterString>NC DEQ</gco:CharacterString>
                    </keyword>
                    <keyword>
                        <gco:CharacterString>North Carolina</gco:CharacterString>
                    </keyword>
                    <keyword>
                        <gco:CharacterString>Major</gco:CharacterString>
                    </keyword>
                    <keyword>
                        <gco:CharacterString>Final</gco:CharacterString>
                    </keyword>
                    <keyword>
                        <gco:CharacterString>Feature Service</gco:CharacterString>
                    </keyword>
                    <keyword>
                        <gco:CharacterString>DWR</gco:CharacterString>
                    </keyword>
                    <keyword>
                        <gco:CharacterString>Water</gco:CharacterString>
                    </keyword>
                    <type>
                        <MD_KeywordTypeCode codeList="http://www.isotc211.org/2005/resources/Codelist/gmxCodelists.xml#MD_KeywordTypeCode" codeListValue="theme" codeSpace="ISOTC211/19115">theme</MD_KeywordTypeCode>
                    </type>
                </MD_Keywords>
            </descriptiveKeywords>
            <descriptiveKeywords>
                <MD_Keywords>
                    <keyword>
                        <gco:CharacterString>Hydro</gco:CharacterString>
                    </keyword>
                    <keyword>
                        <gco:CharacterString>NC</gco:CharacterString>
                    </keyword>
                    <keyword>
                        <gco:CharacterString>NC DEQ</gco:CharacterString>
                    </keyword>
                    <keyword>
                        <gco:CharacterString>North Carolina</gco:CharacterString>
                    </keyword>
                    <keyword>
                        <gco:CharacterString>Major</gco:CharacterString>
                    </keyword>
                    <keyword>
                        <gco:CharacterString>Final</gco:CharacterString>
                    </keyword>
                    <keyword>
                        <gco:CharacterString>Feature Service</gco:CharacterString>
                    </keyword>
                    <keyword>
                        <gco:CharacterString>DWR</gco:CharacterString>
                    </keyword>
                    <keyword>
                        <gco:CharacterString>Water</gco:CharacterString>
                    </keyword>
                    <type>
                        <MD_KeywordTypeCode codeList="http://www.isotc211.org/2005/resources/Codelist/gmxCodelists.xml#MD_KeywordTypeCode" codeListValue="theme" codeSpace="ISOTC211/19115">theme</MD_KeywordTypeCode>
                    </type>
                </MD_Keywords>
            </descriptiveKeywords>
            <descriptiveKeywords>
                <MD_Keywords>
                    <keyword>
                        <gco:CharacterString>Hydro</gco:CharacterString>
                    </keyword>
                    <keyword>
                        <gco:CharacterString>NC</gco:CharacterString>
                    </keyword>
                    <keyword>
                        <gco:CharacterString>NC DEQ</gco:CharacterString>
                    </keyword>
                    <keyword>
                        <gco:CharacterString>North Carolina</gco:CharacterString>
                    </keyword>
                    <keyword>
                        <gco:CharacterString>Major</gco:CharacterString>
                    </keyword>
                    <keyword>
                        <gco:CharacterString>Final</gco:CharacterString>
                    </keyword>
                    <keyword>
                        <gco:CharacterString>Feature Service</gco:CharacterString>
                    </keyword>
                    <keyword>
                        <gco:CharacterString>DWR</gco:CharacterString>
                    </keyword>
                    <keyword>
                        <gco:CharacterString>Water</gco:CharacterString>
                    </keyword>
                    <type>
                        <MD_KeywordTypeCode codeList="http://www.isotc211.org/2005/resources/Codelist/gmxCodelists.xml#MD_KeywordTypeCode" codeListValue="theme" codeSpace="ISOTC211/19115">theme</MD_KeywordTypeCode>
                    </type>
                </MD_Keywords>
            </descriptiveKeywords>
            <descriptiveKeywords>
                <MD_Keywords>
                    <keyword>
                        <gco:CharacterString>Hydro</gco:CharacterString>
                    </keyword>
                    <keyword>
                        <gco:CharacterString>NC</gco:CharacterString>
                    </keyword>
                    <keyword>
                        <gco:CharacterString>NC DEQ</gco:CharacterString>
                    </keyword>
                    <keyword>
                        <gco:CharacterString>North Carolina</gco:CharacterString>
                    </keyword>
                    <keyword>
                        <gco:CharacterString>Major</gco:CharacterString>
                    </keyword>
                    <keyword>
                        <gco:CharacterString>Final</gco:CharacterString>
                    </keyword>
                    <keyword>
                        <gco:CharacterString>Feature Service</gco:CharacterString>
                    </keyword>
                    <keyword>
                        <gco:CharacterString>DWR</gco:CharacterString>
                    </keyword>
                    <keyword>
                        <gco:CharacterString>Water</gco:CharacterString>
                    </keyword>
                    <type>
                        <MD_KeywordTypeCode codeList="http://www.isotc211.org/2005/resources/Codelist/gmxCodelists.xml#MD_KeywordTypeCode" codeListValue="theme" codeSpace="ISOTC211/19115">theme</MD_KeywordTypeCode>
                    </type>
                </MD_Keywords>
            </descriptiveKeywords>
            <descriptiveKeywords>
                <MD_Keywords>
                    <keyword>
                        <gco:CharacterString>Hydro</gco:CharacterString>
                    </keyword>
                    <keyword>
                        <gco:CharacterString>NC</gco:CharacterString>
                    </keyword>
                    <keyword>
                        <gco:CharacterString>NC DEQ</gco:CharacterString>
                    </keyword>
                    <keyword>
                        <gco:CharacterString>North Carolina</gco:CharacterString>
                    </keyword>
                    <keyword>
                        <gco:CharacterString>Major</gco:CharacterString>
                    </keyword>
                    <keyword>
                        <gco:CharacterString>Final</gco:CharacterString>
                    </keyword>
                    <keyword>
                        <gco:CharacterString>Feature Service</gco:CharacterString>
                    </keyword>
                    <keyword>
                        <gco:CharacterString>DWR</gco:CharacterString>
                    </keyword>
                    <keyword>
                        <gco:CharacterString>Water</gco:CharacterString>
                    </keyword>
                    <type>
                        <MD_KeywordTypeCode codeList="http://www.isotc211.org/2005/resources/Codelist/gmxCodelists.xml#MD_KeywordTypeCode" codeListValue="theme" codeSpace="ISOTC211/19115">theme</MD_KeywordTypeCode>
                    </type>
                </MD_Keywords>
            </descriptiveKeywords>
            <descriptiveKeywords>
                <MD_Keywords>
                    <keyword>
                        <gco:CharacterString>Hydro</gco:CharacterString>
                    </keyword>
                    <keyword>
                        <gco:CharacterString>NC</gco:CharacterString>
                    </keyword>
                    <keyword>
                        <gco:CharacterString>NC DEQ</gco:CharacterString>
                    </keyword>
                    <keyword>
                        <gco:CharacterString>North Carolina</gco:CharacterString>
                    </keyword>
                    <keyword>
                        <gco:CharacterString>Major</gco:CharacterString>
                    </keyword>
                    <keyword>
                        <gco:CharacterString>Final</gco:CharacterString>
                    </keyword>
                    <keyword>
                        <gco:CharacterString>Feature Service</gco:CharacterString>
                    </keyword>
                    <keyword>
                        <gco:CharacterString>DWR</gco:CharacterString>
                    </keyword>
                    <keyword>
                        <gco:CharacterString>Water</gco:CharacterString>
                    </keyword>
                    <type>
                        <MD_KeywordTypeCode codeList="http://www.isotc211.org/2005/resources/Codelist/gmxCodelists.xml#MD_KeywordTypeCode" codeListValue="theme" codeSpace="ISOTC211/19115">theme</MD_KeywordTypeCode>
                    </type>
                </MD_Keywords>
            </descriptiveKeywords>
            <resourceConstraints>
                <MD_Constraints>
                    <useLimitation>
                        <gco:CharacterString>The North Carolina Department of Environment and Natural Resources shall not be held liable for any errors in this metadata. This includes errors of omission, commission, errors concerning the content of the data, and relative and positional accuracy of the data. These data cannot be construed to be a legal document. Primary sources from which these data were compiled must be consulted for verification of information contained in these data.</gco:CharacterString>
                    </useLimitation>
                </MD_Constraints>
            </resourceConstraints>
            <language gco:nilReason="missing"/>
            <characterSet>
                <MD_CharacterSetCode codeList="http://www.isotc211.org/2005/resources/Codelist/gmxCodelists.xml#MD_CharacterSetCode" codeListValue="utf8" codeSpace="ISOTC211/19115">utf8</MD_CharacterSetCode>
            </characterSet>
            <topicCategory>
                <MD_TopicCategoryCode>environment</MD_TopicCategoryCode>
            </topicCategory>
            <extent>
                <EX_Extent>
                    <geographicElement>
                        <EX_GeographicBoundingBox>
                            <extentTypeCode>
                                <gco:Boolean>true</gco:Boolean>
                            </extentTypeCode>
                            <westBoundLongitude>
                                <gco:Decimal>-84.4485</gco:Decimal>
                            </westBoundLongitude>
                            <eastBoundLongitude>
                                <gco:Decimal>-75.3518</gco:Decimal>
                            </eastBoundLongitude>
                            <southBoundLatitude>
                                <gco:Decimal>33.7609</gco:Decimal>
                            </southBoundLatitude>
                            <northBoundLatitude>
                                <gco:Decimal>36.7213</gco:Decimal>
                            </northBoundLatitude>
                        </EX_GeographicBoundingBox>
                    </geographicElement>
                    <temporalElement>
                        <EX_TemporalExtent>
                            <extent>
                                <gml:TimeInstant gml:id="N65654">
                                    <gml:timePosition>2016-07-07T00:00:00+00:00</gml:timePosition>
                                </gml:TimeInstant>
                            </extent>
                        </EX_TemporalExtent>
                    </temporalElement>
                </EX_Extent>
            </extent>
        </MD_DataIdentification>
    </identificationInfo>
    <contentInfo>
        <MD_FeatureCatalogueDescription>
            <complianceCode>
                <gco:Boolean>true</gco:Boolean>
            </complianceCode>
            <language>
                <LanguageCode codeList="http://www.loc.gov/standards/iso639-2/php/code_list.php" codeListValue="eng" codeSpace="ISO639-2">eng</LanguageCode>
            </language>
            <includedWithDataset>
                <gco:Boolean>true</gco:Boolean>
            </includedWithDataset>
            <featureCatalogueCitation gco:nilReason="missing"/>
        </MD_FeatureCatalogueDescription>
    </contentInfo>
    <distributionInfo>
        <MD_Distribution>
            <transferOptions>
                <MD_DigitalTransferOptions>
                    <onLine>
                        <CI_OnlineResource>
                            <linkage>
                                <URL>https://services2.arcgis.com/kCu40SDxsCGcuUWO/arcgis/rest/services/MajorHydro/FeatureServer</URL>
                            </linkage>
                        </CI_OnlineResource>
                    </onLine>
                </MD_DigitalTransferOptions>
            </transferOptions>
        </MD_Distribution>
    </distributionInfo>
    <dataQualityInfo>
        <DQ_DataQuality>
            <scope>
                <DQ_Scope>
                    <level>
                        <MD_ScopeCode codeList="http://www.isotc211.org/2005/resources/Codelist/gmxCodelists.xml#MD_ScopeCode" codeListValue="dataset" codeSpace="ISOTC211/19115">dataset</MD_ScopeCode>
                    </level>
                    <levelDescription>
                        <MD_ScopeDescription>
                            <attributes uuidref="ArcGIS"/>
                        </MD_ScopeDescription>
                    </levelDescription>
                </DQ_Scope>
            </scope>
        </DQ_DataQuality>
    </dataQualityInfo>
</MD_Metadata>
