<?xml version="1.0" encoding="ISO-8859-1"?>
<metadata>
	<idinfo>
		<citation>
			<citeinfo>
				<origin>NC DEHNR - Division of Marine Fisheries</origin>
				<pubdate>19950911</pubdate>
				<title Sync="TRUE">Anadromous_Fish_Spawning_Areas_1995_09</title>
				<geoform Sync="TRUE">vector digital data</geoform>
				<pubinfo>
					<pubplace>Morehead City, North Carolina</pubplace>
					<publish>NC DEHNR - Division of Marine Fisheries</publish>
				</pubinfo>
				<othercit>NCCGIA distributes this dataset</othercit>
				<lworkcit></lworkcit>
				<ftname Sync="TRUE">Anadromous_Fish_Spawning_Areas_1995_09</ftname><onlink>www.nconemap.com</onlink></citeinfo>
		</citation>
		<descript>
			<abstract>
The North Carolina Department of Environment, Health, and
Natural Resources, Division of Marine Fisheries in cooperation with the
North Carolina Center for Geographic Information and Analysis developed
the digital Anadromous Fish Spawning Areas data to enhance planning,
siting, and impact analysis in areas directly affecting the fish-spawning
in areas for fish who swim upstream to spawn. The arc data identifies
locations of these sites.
</abstract>
			<purpose>
This data was created to assist governmental agencies and
others  in making resource management decisions through the use of a
Geographic Information System (GIS).
</purpose>
			<supplinf>
Extents of spawning areas change based on
numerous impactive measures.  One such measure is the removal of impediments
(small dams) which allow increased migration, opening additional spawning
areas.

Revisions and updates to this layer include:

2.) The September 11, 1995 update included:
a.) A  section was added to Kehukee Swamp (upstream to White Millpond
dam) affecting the Roanoke 100k quad.
b.) A section was added to Contentnea Creek (upstream to Wiggins Mill
dam) affecting the Rocky Mount 100k quad.
c.) A section was added to the Cape Fear River (upstream to US-401
bridge at Lillington) affecting the Fayetteville and
Elizabethtown 100 k quads.
d.) A section was added to the Upper Chowan River tributaries affecting
the Norfolk 100k quad.
e.) A section was added to the main stem portion of White Oak River
above the NC-24 bridge and to a main stem portion of New River
above the NC-172 bridge affecting the New River 100k quad.
1.)The original version was data October 1992.
</supplinf>
			<langdata Sync="TRUE">en</langdata></descript>
		<timeperd>
			<current>Data creation and update dates</current>
			<timeinfo><sngdate><caldate>REQUIRED: The year (and optionally month, or month and day) for which the data set corresponds to the ground.</caldate></sngdate></timeinfo></timeperd>
		<status>
			<progress>Complete</progress>
			<update>As needed</update>
		</status>
		<spdom>
			<bounding>
				<westbc Sync="TRUE">-78.866684</westbc>
				<eastbc Sync="TRUE">-75.786622</eastbc>
				<northbc Sync="TRUE">36.572111</northbc>
				<southbc Sync="TRUE">34.033284</southbc>
			</bounding>
			<lboundng><leftbc Sync="TRUE">2040376.999903</leftbc><rightbc Sync="TRUE">2944125.000043</rightbc><bottombc Sync="TRUE">117923.250011</bottombc><topbc Sync="TRUE">1027187.124989</topbc></lboundng></spdom>
		<keywords>
			<theme>
				<themekt>None</themekt>
				<themekey>anadromous fish</themekey>
				<themekey>fresh water</themekey>
				<themekey>upstream</themekey>
				<themekey>fish spawning</themekey>
			</theme>
			<place>
				<placekt>
William S. Powell, The North Carolina
GAZETTEER, A Dictionary of Tar Heel Places,(Chapel Hill: University of
North Carolina Press), August 1984.
</placekt>
				<placekey>Coastal</placekey>
				<placekey>
North Carolina
</placekey>
			</place>
			<theme><themekey>North Carolina Center for Geographic Information &amp; Analysis</themekey><themekey>Biota</themekey><themekey>Fish Distribution and Habitat</themekey><themekt>NC State Archives</themekt><themekey>North Carolina. Dept. of Environment, Health, and Natural Resources. Division of Marine Fisheries</themekey></theme><place><placekt>NC State Archives</placekt><placekey>North Carolina</placekey></place></keywords>
		<accconst>None</accconst>
		<useconst>
Acknowledgement of products derived from this data set should cite the
following: The source of the Anadromous Fish Spawning Areas data is the
North Carolina Corporate Geographic Database. Earlier versions of this
dataset may exist. The user must be sure to use the appropriate data
set for the time period of interest.  While efforts have been made to
ensure that these data are accurate and reliable within the state of
the art, CGIA cannot assume liability for any damages or
misrepresentation caused by any inaccuracies in the data or as a
result of changes to the data caused by system transfers.
</useconst>
		<ptcontac>
			<cntinfo>
				<cntpos>Chief of Analysis and Planning</cntpos>
				<cntaddr>
					<addrtype>Physical and mailing</addrtype>
					<address>3441 Arendel Street, PO Box 769</address>
					<city>Morehead City</city>
					<state>North Carolina</state>
					<postal>28557-0769</postal>
					<country>U.S.A.</country>
				</cntaddr>
				<cntvoice>(919) 726-7021</cntvoice>
				<cntfax>
(919)726-7222 or (919)726-0254 or
(919)726-6062
</cntfax>
				<cntemail>None at this time</cntemail>
				<hours>8am to 5pm</hours>
				<cntinst>Preferred contact is by mail or telephone.</cntinst>
			</cntinfo>
		</ptcontac>
		<datacred>
Division of Marine Fisheries Director, Bruce Freeman
3441 Arendel Street, PO Box 769
Morehead City, NC 28557-0769

NCCGIA Director, Karen Siderelis
Database Administration, Zsolt Nagy
Database Management, Ken Shaffer
Project Manager, Michael D. Rink
North Carolina Center for Geographic Information and Analysis
Governor's Office
Office of State Planning
115 Hillsborough Street
Raleigh, NC 27603
</datacred>
		<native Sync="TRUE">Microsoft Windows XP Version 5.1 (Build 2600) Service Pack 2; ESRI ArcCatalog 9.3.1.3000</native>
		<natvform Sync="TRUE">Shapefile</natvform></idinfo>
	<Esri><MetaID>{4754E0C2-2DC0-4E00-BC71-B38300465846}</MetaID><CreaDate>20081006</CreaDate><CreaTime>15390300</CreaTime><SyncOnce>FALSE</SyncOnce><SyncDate>20100204</SyncDate><SyncTime>13304700</SyncTime><ModDate>20100204</ModDate><ModTime>13304700</ModTime><DataProperties><lineage><Process ToolSource="C:\Program Files\ArcGIS\ArcToolbox\Toolboxes\Data Management Tools.tbx\CopyFeatures" Date="20100119" Time="112138">CopyFeatures "C:\Documents and Settings\dpgiordano1\CGIA\NCOneMap\from_cgdb_tape\afsa.dir\afsa-cgdb.mdb\Anadromous_Fish_Spawning_Areas_1995_09" "C:\Documents and Settings\dpgiordano1\CGIA\NCOneMap\database\To_Archives\AdHoc011910\Biota\Anadromous_Fish_Spawning_Areas_1995_09.shp" # 0 0 0</Process></lineage></DataProperties></Esri><dataqual><lineage><procstep><procdesc Sync="TRUE">Metadata imported.</procdesc><srcused Sync="TRUE">C:\DOCUME~1\DAVID~1.DBA\LOCALS~1\Temp\xml8D.tmp</srcused><date Sync="TRUE">20081006</date><time Sync="TRUE">15390300</time></procstep><procstep><proccont><cntinfo><cntorgp><cntorg>North Carolina State Archives</cntorg></cntorgp><cntpos>Government Records Branch</cntpos><cntvoice>919-807-7350</cntvoice><cntfax>919-715-3715</cntfax><cntemail>records@ncdcr.gov</cntemail><hours>8am-5pm, M-F</hours></cntinfo></proccont><procdesc>This data set has been ingested and archived into the State Archives. As part of the ingest process, additional theme data was added to this metadata record. No other changes were made to this data.
</procdesc><procdate>01/27/10</procdate><proctime>08:45 am</proctime></procstep><procstep><procdesc Sync="TRUE">Dataset moved.</procdesc><srcused Sync="TRUE">Z:\Staging\20100122_Adhoc_NCOneMap\data\Biota\Anadromous_Fish_Spawning_Areas_1995_09</srcused><procdate Sync="TRUE">20100129</procdate><proctime Sync="TRUE">10392700</proctime></procstep><procstep><procdesc Sync="TRUE">Dataset moved.</procdesc><srcused Sync="TRUE">Z:\Staging\20100122_Adhoc_NCOneMap\data\Biota\Fish_Distribution_and_Habitat\State_Wide\Anadromous_Fish_Spawning_Areas_1995_09</srcused><procdate Sync="TRUE">20100129</procdate><proctime Sync="TRUE">10400100</proctime></procstep><procstep><procdesc Sync="TRUE">Dataset moved.</procdesc><srcused Sync="TRUE">Z:\Staging\20100122_Adhoc_NCOneMap\data\Biota\Fish_Distribution_and_Habitat\State_Wide\Anadromous_Fish_Spawning_Areas\Anadromous_Fish_Spawning_Areas_1995_09</srcused><procdate Sync="TRUE">20100129</procdate><proctime Sync="TRUE">10420800</proctime></procstep></lineage></dataqual><dataIdInfo><envirDesc Sync="TRUE">Microsoft Windows XP Version 5.1 (Build 2600) Service Pack 2; ESRI ArcCatalog 9.3.1.3000</envirDesc><dataLang><languageCode Sync="TRUE" value="en"></languageCode></dataLang><idCitation><resTitle Sync="TRUE">Anadromous_Fish_Spawning_Areas_1995_09</resTitle><presForm><PresFormCd Sync="TRUE" value="005"></PresFormCd></presForm></idCitation><spatRpType><SpatRepTypCd Sync="TRUE" value="001"></SpatRepTypCd></spatRpType><dataExt><geoEle><GeoBndBox esriExtentType="native"><westBL Sync="TRUE">2040376.999903</westBL><eastBL Sync="TRUE">2944125.000043</eastBL><northBL Sync="TRUE">1027187.124989</northBL><southBL Sync="TRUE">117923.250011</southBL><exTypeCode Sync="TRUE">1</exTypeCode></GeoBndBox></geoEle></dataExt><geoBox esriExtentType="decdegrees"><westBL Sync="TRUE">-78.866684</westBL><eastBL Sync="TRUE">-75.786622</eastBL><northBL Sync="TRUE">36.572111</northBL><southBL Sync="TRUE">34.033284</southBL><exTypeCode Sync="TRUE">1</exTypeCode></geoBox></dataIdInfo><metainfo><langmeta Sync="TRUE">en</langmeta><metstdn Sync="TRUE">FGDC Content Standards for Digital Geospatial Metadata</metstdn><metstdv Sync="TRUE">FGDC-STD-001-1998</metstdv><mettc Sync="TRUE">local time</mettc><metc><cntinfo><cntorgp><cntper>REQUIRED: The person responsible for the metadata information.</cntper><cntorg>REQUIRED: The organization responsible for the metadata information.</cntorg></cntorgp><cntaddr><addrtype>REQUIRED: The mailing and/or physical address for the organization or individual.</addrtype><city>REQUIRED: The city of the address.</city><state>REQUIRED: The state or province of the address.</state><postal>REQUIRED: The ZIP or other postal code of the address.</postal></cntaddr><cntvoice>REQUIRED: The telephone number by which individuals can speak to the organization or individual.</cntvoice></cntinfo></metc><metd Sync="TRUE">20100204</metd><metextns><onlink Sync="TRUE">http://www.esri.com/metadata/esriprof80.html</onlink><metprof Sync="TRUE">ESRI Metadata Profile</metprof></metextns></metainfo><mdLang><languageCode Sync="TRUE" value="en"></languageCode></mdLang><mdStanName Sync="TRUE">ISO 19115 Geographic Information - Metadata</mdStanName><mdStanVer Sync="TRUE">DIS_ESRI1.0</mdStanVer><mdChar><CharSetCd Sync="TRUE" value="004"></CharSetCd></mdChar><mdHrLv><ScopeCd Sync="TRUE" value="005"></ScopeCd></mdHrLv><mdHrLvName Sync="TRUE">dataset</mdHrLvName><distinfo><resdesc Sync="TRUE">Downloadable Data</resdesc><stdorder><digform><digtinfo><transize Sync="TRUE">1.096</transize><dssize Sync="TRUE">1.096</dssize></digtinfo></digform></stdorder></distinfo><distInfo><distributor><distorTran><onLineSrc><orDesc Sync="TRUE">002</orDesc><linkage Sync="TRUE">file://\\ncwdcrap308\geomapp$\Staging\20100122_Adhoc_NCOneMap\data\Biota\Fish_Distribution_and_Habitat\State_Wide\Anadromous_Fish_Spawning_Areas\1995\Anadromous_Fish_Spawning_Areas_1995_09.shp</linkage><protocol Sync="TRUE">Local Area Network</protocol></onLineSrc><transSize Sync="TRUE">1.096</transSize></distorTran><distorFormat><formatName Sync="TRUE">Shapefile</formatName></distorFormat></distributor></distInfo><spdoinfo><direct Sync="TRUE">Vector</direct><ptvctinf><esriterm Name="Anadromous_Fish_Spawning_Areas_1995_09"><efeatyp Sync="TRUE">Simple</efeatyp><efeageom Sync="TRUE">Polyline</efeageom><esritopo Sync="TRUE">FALSE</esritopo><efeacnt Sync="TRUE">1210</efeacnt><spindex Sync="TRUE">TRUE</spindex><linrefer Sync="TRUE">FALSE</linrefer></esriterm><sdtsterm Name="Anadromous_Fish_Spawning_Areas_1995_09"><sdtstype Sync="TRUE">String</sdtstype><ptvctcnt Sync="TRUE">1210</ptvctcnt></sdtsterm></ptvctinf></spdoinfo><spref><horizsys><cordsysn><geogcsn Sync="TRUE">GCS_North_American_1927</geogcsn><projcsn Sync="TRUE">NAD_1927_StatePlane_North_Carolina_FIPS_3200</projcsn></cordsysn><planar><planci><plance Sync="TRUE">coordinate pair</plance><plandu Sync="TRUE">survey feet</plandu><coordrep><absres Sync="TRUE">0.000000</absres><ordres Sync="TRUE">0.000000</ordres></coordrep></planci><gridsys><gridsysn Sync="TRUE">State Plane Coordinate System 1927</gridsysn><spcs><spcszone Sync="TRUE">3200</spcszone><lambertc><stdparll Sync="TRUE">34.333333</stdparll><stdparll Sync="TRUE">36.166667</stdparll><longcm Sync="TRUE">-79.000000</longcm><latprjo Sync="TRUE">33.750000</latprjo><feast Sync="TRUE">2000000.000000</feast><fnorth Sync="TRUE">0.000000</fnorth></lambertc></spcs></gridsys></planar><geodetic><horizdn Sync="TRUE">North American Datum of 1927</horizdn><ellips Sync="TRUE">Clarke 1866</ellips><semiaxis Sync="TRUE">6378206.400000</semiaxis><denflat Sync="TRUE">294.978698</denflat></geodetic></horizsys></spref><refSysInfo><RefSystem><refSysID><identCode Sync="TRUE">NAD_1927_StatePlane_North_Carolina_FIPS_3200</identCode></refSysID></RefSystem></refSysInfo><spatRepInfo><VectSpatRep><topLvl><TopoLevCd Sync="TRUE" value="001"></TopoLevCd></topLvl><geometObjs Name="Anadromous_Fish_Spawning_Areas_1995_09"><geoObjTyp><GeoObjTypCd Sync="TRUE" value="001"></GeoObjTypCd></geoObjTyp><geoObjCnt Sync="TRUE">1210</geoObjCnt></geometObjs></VectSpatRep></spatRepInfo><eainfo><detailed Name="Anadromous_Fish_Spawning_Areas_1995_09"><enttyp><enttypl Sync="TRUE">Anadromous_Fish_Spawning_Areas_1995_09</enttypl><enttypt Sync="TRUE">Feature Class</enttypt><enttypc Sync="TRUE">1210</enttypc></enttyp><attr><attrlabl Sync="TRUE">FID</attrlabl><attalias Sync="TRUE">FID</attalias><attrtype Sync="TRUE">OID</attrtype><attwidth Sync="TRUE">4</attwidth><atprecis Sync="TRUE">0</atprecis><attscale Sync="TRUE">0</attscale><attrdef Sync="TRUE">Internal feature number.</attrdef><attrdefs Sync="TRUE">ESRI</attrdefs><attrdomv><udom Sync="TRUE">Sequential unique whole numbers that are automatically generated.</udom></attrdomv></attr><attr><attrlabl Sync="TRUE">Shape</attrlabl><attalias Sync="TRUE">Shape</attalias><attrtype Sync="TRUE">Geometry</attrtype><attwidth Sync="TRUE">0</attwidth><atprecis Sync="TRUE">0</atprecis><attscale Sync="TRUE">0</attscale><attrdef Sync="TRUE">Feature geometry.</attrdef><attrdefs Sync="TRUE">ESRI</attrdefs><attrdomv><udom Sync="TRUE">Coordinates defining the features.</udom></attrdomv></attr><attr><attrlabl Sync="TRUE">FNODE_</attrlabl><attalias Sync="TRUE">FNODE_</attalias><attrtype Sync="TRUE">Number</attrtype><attwidth Sync="TRUE">9</attwidth></attr><attr><attrlabl Sync="TRUE">TNODE_</attrlabl><attalias Sync="TRUE">TNODE_</attalias><attrtype Sync="TRUE">Number</attrtype><attwidth Sync="TRUE">9</attwidth></attr><attr><attrlabl Sync="TRUE">LPOLY_</attrlabl><attalias Sync="TRUE">LPOLY_</attalias><attrtype Sync="TRUE">Number</attrtype><attwidth Sync="TRUE">9</attwidth></attr><attr><attrlabl Sync="TRUE">RPOLY_</attrlabl><attalias Sync="TRUE">RPOLY_</attalias><attrtype Sync="TRUE">Number</attrtype><attwidth Sync="TRUE">9</attwidth></attr><attr><attrlabl Sync="TRUE">LENGTH</attrlabl><attalias Sync="TRUE">LENGTH</attalias><attrtype Sync="TRUE">Float</attrtype><attwidth Sync="TRUE">13</attwidth><atnumdec Sync="TRUE">11</atnumdec></attr><attr><attrlabl Sync="TRUE">AFSA995_</attrlabl><attalias Sync="TRUE">AFSA995_</attalias><attrtype Sync="TRUE">Number</attrtype><attwidth Sync="TRUE">9</attwidth></attr><attr><attrlabl Sync="TRUE">AFSA995_ID</attrlabl><attalias Sync="TRUE">AFSA995_ID</attalias><attrtype Sync="TRUE">Number</attrtype><attwidth Sync="TRUE">9</attwidth></attr><attr><attrlabl Sync="TRUE">Shape_Leng</attrlabl><attalias Sync="TRUE">Shape_Leng</attalias><attrtype Sync="TRUE">Float</attrtype><attwidth Sync="TRUE">19</attwidth><atnumdec Sync="TRUE">11</atnumdec></attr></detailed></eainfo><mdDateSt Sync="TRUE">20100204</mdDateSt></metadata>
